MAML100,NORMAL,Sophon,PARSEC,DRL360
7.749738718341916,7.200251883380684,6.906745416943257,7.376147180613721,4.876265746378384
7.885977086667691,7.087184095341701,4.876516486602625,5.680718939425354,5.454166666666666
7.805270353327188,6.297051121403416,5.3425154957617105,5.722069539844337,5.423958333333332
7.949737086693324,6.763434771624236,5.240208426193234,5.883360416175968,5.454166666666666
