MAML100,NORMAL,Sophon,PARSEC,DRL360
6.749764109670134,6.871117604418579,6.258017897860518,7.301762929733026,5.0278818065313775
6.967708829467487,5.777800776926749,4.071341612973074,3.7977817091644894,5.484375
6.969010814127958,5.058913412649921,4.777752934203294,4.462395450902128,5.423958333333334
6.823429567333126,4.385166944835103,3.942971041092305,3.7095157171719957,1.8550092493185166
