MAML100,NORMAL,Sophon,PARSEC,DRL360
11.227021333333333,11.439726166666667,11.439726166666667,11.439726166666667,13.666011333333335
11.227021333333333,11.439726166666667,11.439726166666667,11.439726166666667,13.84330983333333
11.156505166666667,11.439726166666667,11.439726166666667,11.439726166666667,13.811679833333335
11.227021333333333,11.439726166666667,11.439726166666667,11.439726166666667,13.928636500000001
