MAML100,NORMAL,Sophon,PARSEC,DRL360
11.129187166666666,11.439726166666667,11.439726166666667,11.439726166666667,12.898879
10.966308500000002,11.439726166666667,11.439726166666667,11.439726166666667,13.8439505
10.978496,11.439726166666667,11.439726166666667,11.439726166666667,13.766400166666665
11.024865,11.439726166666667,11.439726166666667,11.439726166666667,13.8491215
