MAML100,NORMAL,Sophon,PARSEC,DRL360
11.227021333333333,11.439726166666667,11.439726166666667,11.439726166666667,13.540677000000002
11.227021333333333,11.439726166666667,11.439726166666667,11.439726166666667,13.989847
11.227021333333333,11.439726166666667,11.439726166666667,11.439726166666667,13.774815166666665
11.227021333333333,11.439726166666667,11.439726166666667,11.439726166666667,14.441512500000002
