MAML100,NORMAL,Sophon,PARSEC,DRL360
5.101385723349254,1.7598863675422318,1.2194884969064903,1.4033126519096735,0.3212560593759824
5.024104183332375,3.475674606636962,2.4979590263080085,1.8663412228042962,3.3364583333333333
5.384664583675698,3.1286664728769824,2.6461559104821677,2.429708279397501,3.0437500000000006
5.291641256669675,2.581426526400022,1.3261441904346982,1.553472390897511,1.0507773559281148
